Latitude,Longitude,Heading
17.595222,78.124458,163.0
17.595222,78.124458,163.0
17.595205,78.124458,162.0
17.595205,78.124458,162.0
17.595201,78.124458,160.0
17.595201,78.124458,162.0
17.595201,78.124458,170.0
17.595201,78.124458,170.0
17.595201,78.124458,158.0
17.595201,78.124458,155.0
17.595201,78.124458,153.0
17.595201,78.124458,156.0
17.595201,78.124458,159.0
17.595201,78.124458,178.0
17.595201,78.124458,36.0
17.595201,78.124458,181.0
17.595201,78.124458,183.0
17.595201,78.124458,182.0
17.595201,78.124458,324.0
17.595282,78.124481,172.0
17.595282,78.124481,172.0
17.595264,78.124474,162.0
17.595264,78.124474,163.0
17.595253,78.124474,163.0
17.595253,78.124474,163.0
17.59523,78.124474,164.0
17.59523,78.124474,161.0
17.595217,78.124474,167.0
17.595217,78.124474,166.0
17.5952,78.124474,175.0
17.5952,78.124474,178.0
17.5952,78.124474,217.0
17.595173,78.124474,179.0
17.595173,78.124474,181.0
17.595161,78.124474,172.0
17.595161,78.124474,175.0
17.595152,78.124474,175.0
17.595152,78.124474,175.0
17.595144,78.124474,153.0
17.595144,78.124474,129.0
17.595137,78.124474,89.0
17.595137,78.124474,92.0
17.595121,78.124474,89.0
17.595112,78.124481,88.0
17.595112,78.124481,88.0
17.5951,78.124481,93.0
17.5951,78.124481,91.0
17.5951,78.124481,93.0
17.595093,78.124496,96.0
17.595093,78.124496,95.0
17.595106,78.124519,97.0
17.595095,78.124519,96.0
17.595095,78.124519,97.0
17.595095,78.124535,96.0
17.595095,78.124535,97.0
17.595087,78.124542,93.0
17.595087,78.124542,96.0
17.595058,78.124542,95.0
17.595058,78.124542,94.0
17.595055,78.12455,95.0
17.595055,78.12455,93.0
17.59506,78.124557,96.0
17.59506,78.124557,94.0
17.595081,78.12458,97.0
17.595093,78.124588,98.0
17.5951,78.124603,95.0
17.5951,78.124603,94.0
17.5951,78.124603,88.0
17.5951,78.124603,86.0
17.5951,78.124603,88.0
17.595119,78.124641,89.0
17.595119,78.124641,88.0
17.595097,78.124649,92.0
17.595097,78.124649,90.0
17.595079,78.124649,96.0
17.595079,78.124649,97.0
17.595095,78.124664,99.0
17.595095,78.124664,100.0
17.595087,78.124649,100.0
17.595087,78.124649,103.0
17.595087,78.124649,103.0
17.595081,78.12468,94.0
17.595081,78.12468,92.0
17.595078,78.124695,93.0
17.595078,78.124695,94.0
17.595078,78.124695,95.0
17.595076,78.124702,94.0
17.595076,78.124702,89.0
17.595079,78.12471,97.0
17.595079,78.124718,103.0
17.595079,78.124718,104.0
17.595078,78.124725,103.0
17.595078,78.124733,96.0
17.595078,78.124748,92.0
17.595078,78.124748,97.0
17.595078,78.124756,96.0
17.595078,78.124756,100.0
17.595078,78.124779,101.0
17.595078,78.124779,98.0
17.595079,78.124786,104.0
17.595079,78.124786,98.0
17.595079,78.124786,83.0
17.595085,78.124802,0.0
17.595085,78.124802,1.0
17.595085,78.124802,353.0
17.595102,78.124809,357.0
17.595102,78.124809,355.0
17.595102,78.124809,355.0
17.595102,78.124809,355.0
17.595121,78.124817,355.0
17.595121,78.124817,355.0
17.595133,78.124817,1.0
17.595133,78.124817,2.0
17.595142,78.124817,350.0
17.595142,78.124817,353.0
17.595152,78.124817,354.0
17.595152,78.124817,355.0
17.595161,78.124817,352.0
17.595161,78.124817,340.0
17.595167,78.124809,287.0
17.595167,78.124809,278.0
17.595175,78.124809,268.0
17.595181,78.124802,270.0
17.595181,78.124802,276.0
17.595181,78.124802,281.0
17.595181,78.124802,281.0
17.595188,78.124786,278.0
17.595188,78.124786,276.0
17.59519,78.124794,279.0
17.59519,78.124794,280.0
17.59519,78.124794,275.0
17.59519,78.124794,276.0
17.59519,78.124794,279.0
17.59519,78.124794,280.0
17.595196,78.124802,279.0
17.595196,78.124802,280.0
17.595196,78.124802,283.0
17.595196,78.124802,281.0
17.595198,78.124802,280.0
17.595198,78.124802,280.0
17.595201,78.124809,277.0
17.595201,78.124809,276.0
17.595201,78.124809,283.0
17.595201,78.124809,283.0
17.595201,78.124817,281.0
17.595201,78.124817,282.0
17.595201,78.124817,273.0
17.595201,78.124817,267.0
17.595201,78.124809,280.0
17.595201,78.124809,290.0
17.595205,78.124817,54.0
17.595205,78.124817,75.0
17.595203,78.124825,100.0
17.595203,78.124825,102.0
17.595205,78.124832,91.0
17.595205,78.124832,93.0
17.595201,78.124832,96.0
17.595201,78.124832,95.0
17.5952,78.124825,102.0
17.5952,78.124825,100.0
17.595201,78.124825,101.0
17.595201,78.124825,103.0
17.595203,78.124832,103.0
17.595203,78.124832,100.0
17.595203,78.12484,92.0
17.595203,78.12484,349.0
17.595213,78.124847,348.0
17.595213,78.124847,350.0
17.595221,78.124847,343.0
17.595221,78.124847,343.0
17.595228,78.124847,331.0
17.595228,78.124847,311.0
17.59523,78.12484,274.0
17.59523,78.12484,271.0
17.595232,78.124832,263.0
17.595232,78.124832,267.0
17.595234,78.124825,258.0
17.595234,78.124825,258.0
17.595234,78.124825,257.0
17.59523,78.124809,262.0
17.595228,78.124802,261.0
17.595228,78.124802,259.0
17.595228,78.124802,256.0
17.59523,78.124794,241.0
17.59523,78.124794,242.0
17.59523,78.124794,245.0
17.59523,78.124794,245.0
17.59523,78.124794,244.0
17.59523,78.124794,243.0
17.59523,78.124794,243.0
17.59523,78.124794,244.0
17.59523,78.124794,244.0
17.595232,78.124794,245.0
17.595232,78.124794,247.0
17.595232,78.124794,230.0
17.595238,78.124794,132.0
17.595238,78.124794,107.0
17.595253,78.124786,95.0
17.595253,78.124786,101.0
17.595255,78.124786,96.0
17.595255,78.124786,93.0
17.595255,78.124786,96.0
17.595247,78.124809,98.0
17.595247,78.124809,98.0
17.595249,78.124817,99.0
17.595249,78.124817,100.0
17.595247,78.124825,89.0
17.595247,78.124825,89.0
17.595247,78.124825,16.0
17.595247,78.124825,355.0
17.595247,78.124825,343.0
17.595247,78.124825,341.0
17.595272,78.124832,334.0
17.595272,78.124832,339.0
17.595287,78.124832,345.0
17.595287,78.124832,341.0
17.595297,78.124832,345.0
17.595297,78.124832,343.0
17.595306,78.124832,340.0
17.595306,78.124832,341.0
17.595314,78.124832,334.0
17.595314,78.124832,337.0
17.595324,78.124832,336.0
17.595331,78.124832,333.0
17.595331,78.124832,333.0
17.595337,78.124832,343.0
17.595337,78.124832,344.0
17.595345,78.124832,347.0
17.595345,78.124832,346.0
17.595345,78.124832,291.0
17.595352,78.124832,261.0
17.595352,78.124832,256.0
17.595352,78.124832,257.0
17.595354,78.124825,253.0
17.595354,78.124825,252.0
17.595352,78.124809,259.0
17.595352,78.124809,262.0
17.59535,78.124802,260.0
17.59535,78.124802,262.0
17.595348,78.124794,259.0
17.595348,78.124794,260.0
17.595346,78.124786,261.0
17.595346,78.124786,266.0
17.595346,78.124779,265.0
17.595346,78.124779,267.0
17.595346,78.124779,264.0
17.595346,78.124779,264.0
17.595343,78.124756,268.0
17.595343,78.124756,267.0
17.595345,78.124741,267.0
17.595345,78.124741,264.0
17.595345,78.124725,262.0
17.595345,78.124725,261.0
17.595346,78.124718,261.0
17.595346,78.124718,263.0
17.595346,78.12471,260.0
17.595346,78.12471,262.0
17.595346,78.124702,257.0
17.595346,78.124702,258.0
17.595345,78.124695,257.0
17.595345,78.124695,257.0
17.595341,78.124687,257.0
17.595341,78.124687,258.0
17.595339,78.12468,260.0
17.595339,78.12468,261.0
17.595339,78.124664,262.0
17.595339,78.124664,262.0
17.595339,78.124657,256.0
17.595339,78.124657,254.0
17.595337,78.124634,246.0
17.595337,78.124634,245.0
17.595339,78.124634,246.0
17.595339,78.124634,245.0
17.595339,78.124634,241.0
17.595339,78.124634,245.0
17.595345,78.124641,245.0
17.595345,78.124641,245.0
17.595345,78.124641,245.0
17.595345,78.124641,247.0
17.59535,78.124641,278.0
17.59535,78.124641,311.0
17.595352,78.124657,68.0
17.595352,78.124657,82.0
17.595354,78.124664,100.0
17.595354,78.124664,102.0
17.595356,78.124672,101.0
17.595356,78.124672,99.0
17.595356,78.12468,100.0
17.595356,78.12468,101.0
17.595356,78.124687,105.0
17.595356,78.124687,102.0
17.595358,78.124695,103.0
17.595358,78.124695,100.0
17.59536,78.124702,104.0
17.59536,78.124702,105.0
17.59536,78.12471,104.0
17.59536,78.12471,107.0
17.59536,78.124718,103.0
17.59536,78.124718,103.0
17.595358,78.124725,100.0
17.595358,78.124725,102.0
17.595356,78.124733,100.0
17.595356,78.124733,101.0
17.595356,78.124741,96.0
17.595356,78.124741,94.0
17.595354,78.124748,93.0
17.595354,78.124748,90.0
17.595354,78.124756,94.0
17.595354,78.124756,93.0
17.595352,78.124771,94.0
17.595352,78.124771,94.0
17.595352,78.124779,93.0
17.595352,78.124779,94.0
17.595352,78.124786,89.0
17.595352,78.124786,89.0
17.595352,78.124794,86.0
17.595352,78.124794,89.0
17.595352,78.124802,89.0
17.595352,78.124802,89.0
17.595352,78.124809,99.0
17.595352,78.124809,96.0
17.595352,78.124817,85.0
17.595352,78.124817,59.0
17.595354,78.124817,353.0
17.595354,78.124817,355.0
17.59536,78.124817,347.0
17.59536,78.124817,344.0
17.595367,78.124825,329.0
17.595367,78.124825,324.0
17.595377,78.124825,323.0
17.595377,78.124825,324.0
17.595385,78.124825,341.0
17.595385,78.124825,344.0
17.595392,78.124825,347.0
17.595392,78.124825,351.0
17.595402,78.124825,349.0
17.595402,78.124825,352.0
17.595407,78.124832,349.0
17.595407,78.124832,343.0
17.595407,78.124832,292.0
17.595407,78.124832,285.0
17.595415,78.124825,271.0
17.595415,78.124825,268.0
17.595415,78.124817,264.0
17.595415,78.124817,266.0
17.595415,78.124817,270.0
17.595415,78.124802,274.0
17.595415,78.124802,276.0
17.595413,78.124802,284.0
17.595413,78.124802,285.0
17.595413,78.124802,286.0
17.595413,78.124802,285.0
17.595413,78.124802,300.0
17.595413,78.124802,61.0
17.595413,78.124802,80.0
17.595423,78.124809,88.0
17.595423,78.124809,88.0
17.595427,78.124817,90.0
17.595427,78.124817,90.0
17.595427,78.124832,85.0
17.595427,78.124832,81.0
17.595427,78.124832,71.0
17.595428,78.124847,63.0
17.595428,78.124847,63.0
17.59543,78.124855,67.0
17.59543,78.124855,72.0
17.595436,78.124863,85.0
17.595436,78.124863,85.0
17.595436,78.124863,86.0
17.595436,78.124863,86.0
17.595436,78.124863,85.0
17.595436,78.124863,79.0
17.595438,78.124863,349.0
17.595438,78.124863,317.0
17.595438,78.124855,291.0
17.595438,78.124855,288.0
17.595438,78.124855,285.0
17.595442,78.12484,272.0
17.595442,78.12484,267.0
17.595444,78.124832,290.0
17.595444,78.124832,301.0
17.595448,78.124832,334.0
17.595448,78.124832,343.0
17.595457,78.124832,349.0
17.595457,78.124832,354.0
17.595469,78.124832,352.0
17.595469,78.124832,351.0
17.595476,78.124832,355.0
17.595476,78.124832,352.0
17.595488,78.124832,356.0
17.595488,78.124832,354.0
17.595499,78.124825,359.0
17.595499,78.124825,1.0
17.595509,78.124825,356.0
17.595509,78.124825,358.0
17.595509,78.124825,351.0
17.595509,78.124825,346.0
17.595509,78.124825,277.0
17.595526,78.124817,262.0
17.595526,78.124817,254.0
17.595522,78.124817,255.0
17.595522,78.124817,254.0
17.595522,78.124817,261.0
17.595522,78.124817,273.0
17.595522,78.124817,280.0
17.595522,78.124817,280.0
17.595522,78.124817,280.0
17.595524,78.124794,278.0
17.595524,78.124794,277.0
17.595526,78.124794,275.0
17.595526,78.124794,276.0
17.595526,78.124794,275.0
17.595528,78.124809,275.0
17.595528,78.124809,276.0
17.595528,78.124809,275.0
17.595528,78.124809,275.0
17.59553,78.124809,274.0
17.59553,78.124809,274.0
17.595528,78.124809,275.0
17.595528,78.124809,275.0
17.59553,78.124809,274.0
17.59553,78.124809,274.0
17.59553,78.124809,273.0
17.59553,78.124809,273.0
17.59553,78.124809,284.0
17.59553,78.124802,47.0
17.59553,78.124802,65.0
17.595533,78.124802,82.0
17.595533,78.124802,88.0
17.595533,78.124802,91.0
17.595533,78.124802,99.0
17.595535,78.124817,100.0
17.595535,78.124817,98.0
17.595533,78.124817,101.0
17.595533,78.124817,99.0
17.595533,78.124817,90.0
17.595533,78.124817,91.0
17.595535,78.124825,90.0
17.595535,78.124825,91.0
17.595537,78.124825,93.0
17.595537,78.124825,92.0
17.595535,78.124817,92.0
17.595535,78.124817,90.0
17.595535,78.124809,86.0
17.595535,78.124809,85.0
17.595535,78.124809,84.0
17.595535,78.124809,84.0
17.595535,78.124802,83.0
17.595535,78.124802,83.0
17.595535,78.124802,83.0
17.595535,78.124802,83.0
17.595535,78.124802,82.0
17.595535,78.124802,74.0
17.595535,78.124802,66.0
17.595541,78.124802,350.0
17.595541,78.124802,329.0
17.595547,78.124809,311.0
17.595547,78.124809,308.0
17.595552,78.124802,309.0
17.595552,78.124802,320.0
17.595558,78.124802,342.0
17.595558,78.124802,347.0
17.595568,78.124802,353.0
17.595568,78.124802,349.0
17.595579,78.124809,358.0
17.595579,78.124809,354.0
17.595579,78.124809,351.0
17.595587,78.124809,355.0
17.595587,78.124809,4.0
17.595594,78.124809,354.0
17.595594,78.124809,358.0
17.595604,78.124809,349.0
17.595604,78.124809,349.0
17.595613,78.124802,357.0
17.595613,78.124802,353.0
17.595621,78.124802,358.0
17.595621,78.124802,355.0
17.595631,78.124809,353.0
17.595631,78.124809,356.0
17.59564,78.124809,351.0
17.59564,78.124809,351.0
17.59565,78.124809,342.0
17.59565,78.124809,345.0
17.59565,78.124809,350.0
17.595659,78.124809,353.0
17.595659,78.124809,352.0
17.595669,78.124802,353.0
17.595669,78.124802,351.0
17.595676,78.124802,357.0
17.595676,78.124802,354.0
17.595688,78.124802,353.0
17.595688,78.124802,355.0
17.595697,78.124802,353.0
17.595697,78.124802,356.0
17.595697,78.124802,1.0
17.595716,78.124802,0.0
17.595716,78.124802,2.0
17.595726,78.124802,2.0
17.595726,78.124802,0.0
17.595734,78.124802,0.0
17.595734,78.124802,356.0
17.595741,78.124802,354.0
17.595741,78.124802,351.0
17.595741,78.124802,352.0
17.595741,78.124802,351.0
17.595741,78.124802,353.0
17.595768,78.124802,349.0
17.595768,78.124802,347.0
17.595778,78.124802,341.0
17.595778,78.124802,339.0
17.595787,78.124802,346.0
17.595787,78.124802,342.0
17.595797,78.124802,344.0
17.595797,78.124802,348.0
17.595804,78.124802,349.0
17.595804,78.124802,354.0
17.595816,78.124802,351.0
17.595816,78.124802,354.0
17.595823,78.124802,351.0
17.595823,78.124802,351.0
17.595823,78.124802,3.0
17.595823,78.124802,3.0
17.595823,78.124802,6.0
17.595823,78.124802,4.0
17.595823,78.124802,13.0
17.595823,78.124802,10.0
17.59586,78.124802,16.0
17.59586,78.124802,17.0
17.595867,78.124794,306.0
17.595867,78.124794,287.0
17.595871,78.124786,272.0
17.595869,78.124779,272.0
17.595869,78.124779,272.0
17.595873,78.124771,283.0
17.595873,78.124771,286.0
17.595877,78.124771,289.0
17.595877,78.124771,289.0
17.595877,78.124771,291.0
17.595894,78.124771,292.0
17.595894,78.124771,292.0
17.595903,78.124771,292.0
17.595903,78.124771,291.0
17.595915,78.124771,290.0
17.595915,78.124771,290.0
17.595915,78.124771,290.0
17.595915,78.124771,314.0
17.595922,78.124779,37.0
17.595922,78.124779,34.0
17.595926,78.124779,46.0
17.595926,78.124779,51.0
17.595928,78.124786,69.0
17.595928,78.124786,69.0
17.595926,78.124794,76.0
17.595926,78.124794,80.0
17.595922,78.124809,71.0
17.595922,78.124809,67.0
17.595922,78.124817,25.0
17.595922,78.124817,17.0
17.595926,78.124825,354.0
17.595926,78.124825,350.0
17.59593,78.124825,356.0
17.59593,78.124825,354.0
17.59593,78.124825,353.0
17.59594,78.124825,354.0
17.59594,78.124825,351.0
17.595949,78.124825,353.0
17.595949,78.124825,355.0
17.595949,78.124825,353.0
17.595949,78.124825,359.0
17.595966,78.124825,357.0
17.595966,78.124825,357.0
17.595974,78.124825,0.0
17.595974,78.124825,357.0
17.595984,78.124825,354.0
17.595984,78.124825,351.0
17.595993,78.124825,354.0
17.595993,78.124825,352.0
17.596003,78.124825,347.0
17.596003,78.124825,349.0
17.596012,78.124825,346.0
17.596012,78.124825,349.0
17.59602,78.124825,345.0
17.59602,78.124825,346.0
17.596029,78.124817,344.0
17.596029,78.124817,342.0
17.596037,78.124817,342.0
17.596037,78.124817,341.0
17.596046,78.124817,341.0
17.596046,78.124817,339.0
17.59605,78.124817,334.0
17.59605,78.124817,328.0
17.59605,78.124817,328.0
17.596054,78.124817,327.0
17.596054,78.124817,330.0
17.59606,78.124817,335.0
17.59606,78.124817,318.0
17.59606,78.124817,305.0
17.596064,78.124809,272.0
17.596064,78.124809,270.0
17.596064,78.124802,267.0
17.596064,78.124802,270.0
17.596066,78.124794,266.0
17.596066,78.124794,262.0
17.596064,78.124786,260.0
17.596064,78.124786,259.0
17.596066,78.124779,263.0
17.596066,78.124779,263.0
17.596064,78.124763,261.0
17.596064,78.124763,260.0
17.596066,78.124756,279.0
17.596066,78.124756,307.0
17.596066,78.124756,58.0
17.596062,78.124756,89.0
17.596062,78.124756,94.0
17.596056,78.124763,93.0
17.596056,78.124763,96.0
17.596054,78.124779,93.0
17.596054,78.124779,94.0
17.59605,78.124786,91.0
17.59605,78.124786,90.0
17.59605,78.124786,90.0
17.596048,78.124794,85.0
17.596048,78.124794,82.0
17.596048,78.124802,90.0
17.596048,78.124802,92.0
17.596048,78.124809,91.0
17.596048,78.124809,93.0
17.596048,78.124825,90.0
17.596048,78.124825,91.0
17.596048,78.124832,87.0
17.596048,78.124832,89.0
17.596048,78.12484,91.0
17.596048,78.12484,91.0
17.596048,78.12484,82.0
17.596052,78.124855,41.0
17.596052,78.124855,28.0
17.59606,78.124863,10.0
17.59606,78.124863,8.0
17.596071,78.124863,4.0
17.596071,78.124863,6.0
17.596081,78.12487,357.0
17.596081,78.12487,356.0
17.596081,78.12487,358.0
17.596102,78.12487,357.0
17.596102,78.12487,355.0
17.596102,78.12487,357.0
17.596102,78.12487,355.0
17.596102,78.12487,356.0
17.596123,78.124878,0.0
17.596123,78.124878,354.0
17.596134,78.124878,359.0
17.596134,78.124878,356.0
17.596134,78.124878,354.0
17.596148,78.124886,359.0
17.596148,78.124886,358.0
17.596157,78.124886,353.0
17.596157,78.124886,353.0
17.596157,78.124886,353.0
17.596157,78.124886,355.0
17.596191,78.124886,353.0
17.596191,78.124886,355.0
17.596191,78.124886,356.0
17.596201,78.124886,355.0
17.596201,78.124886,353.0
17.596212,78.124893,356.0
17.596212,78.124893,350.0
17.596212,78.124893,350.0
17.596222,78.124886,353.0
17.596222,78.124886,351.0
17.596233,78.124886,356.0
17.596233,78.124886,355.0
17.596233,78.124886,356.0
17.596233,78.124886,356.0
17.596233,78.124886,354.0
17.596254,78.124886,353.0
17.596254,78.124886,354.0
17.596264,78.124886,351.0
17.596264,78.124886,352.0
17.596273,78.124886,349.0
17.596273,78.124886,348.0
17.596273,78.124886,351.0
17.596287,78.124878,3.0
17.596287,78.124878,1.0
17.596289,78.124878,356.0
17.596289,78.124878,356.0
17.596289,78.124878,346.0
17.596289,78.124878,248.0
17.596289,78.124878,250.0
17.596289,78.124878,256.0
17.596275,78.12484,246.0
17.596275,78.12484,251.0
17.596273,78.124832,247.0
17.596273,78.124832,247.0
17.596273,78.124832,246.0
17.596273,78.124832,242.0
17.596273,78.124832,246.0
17.59627,78.124817,246.0
17.59627,78.124817,246.0
17.59627,78.124809,258.0
17.59627,78.124809,256.0
17.596268,78.124802,261.0
17.596268,78.124802,259.0
17.596266,78.124786,260.0
17.596266,78.124786,258.0
17.596266,78.124786,257.0
17.596266,78.124779,255.0
17.596266,78.124779,258.0
17.596266,78.124763,252.0
17.596266,78.124763,256.0
17.596266,78.124763,255.0
17.596266,78.124756,250.0
17.596266,78.124756,249.0
17.596264,78.124748,245.0
17.596264,78.124748,242.0
17.596264,78.124741,253.0
17.596264,78.124741,254.0
17.596264,78.124741,259.0
17.596264,78.124741,256.0
17.596264,78.124741,255.0
17.59626,78.124718,263.0
17.59626,78.124718,264.0
17.59626,78.124718,261.0
17.596262,78.124702,262.0
17.596262,78.124702,263.0
17.596262,78.124687,259.0
17.596262,78.124687,262.0
17.596262,78.124687,263.0
17.59626,78.12468,248.0
17.59626,78.12468,237.0
17.59626,78.12468,203.0
17.596245,78.124672,196.0
17.596245,78.124672,193.0
17.596237,78.124672,189.0
17.596237,78.124672,188.0
17.596228,78.124664,182.0
17.596228,78.124664,185.0
17.596218,78.124664,0.0
17.596209,78.124664,179.0
17.596209,78.124664,252.0
17.596209,78.124664,36.0
17.596188,78.124657,183.0
17.596188,78.124657,253.0
17.596178,78.124649,186.0
17.596178,78.124649,185.0
17.596169,78.124649,185.0
17.596169,78.124649,188.0
17.596159,78.124641,187.0
17.596159,78.124641,191.0
17.596149,78.124634,186.0
17.596149,78.124634,190.0
17.596149,78.124634,190.0
17.596149,78.124634,187.0
17.596132,78.124626,191.0
17.596132,78.124626,190.0
17.596123,78.124619,193.0
17.596123,78.124619,193.0
17.596113,78.124611,188.0
17.596113,78.124611,189.0
17.596104,78.124603,185.0
17.596104,78.124603,189.0
17.596104,78.124603,188.0
17.596104,78.124603,188.0
17.596104,78.124603,189.0
17.596104,78.124603,188.0
17.596077,78.124596,191.0
17.596077,78.124596,188.0
17.596067,78.124588,192.0
17.596067,78.124588,192.0
17.596067,78.124588,191.0
17.596067,78.124588,188.0
17.596067,78.124588,192.0
17.596046,78.124573,228.0
17.596046,78.124573,244.0
17.596045,78.124565,275.0
17.596045,78.124565,275.0
17.596045,78.12455,278.0
17.596045,78.12455,279.0
17.596045,78.12455,282.0
17.596048,78.124527,280.0
17.596048,78.124527,283.0
17.596046,78.124519,287.0
17.596046,78.124519,285.0
17.596048,78.124512,286.0
17.596048,78.124512,288.0
17.596048,78.124512,293.0
17.596048,78.124512,288.0
17.596041,78.124504,300.0
17.596041,78.124504,300.0
17.596041,78.124504,301.0
17.596041,78.124504,295.0
17.596041,78.124504,277.0
17.596039,78.124504,71.0
17.596039,78.124504,164.0
17.596037,78.124504,127.0
17.596037,78.124504,121.0
17.596035,78.124519,120.0
17.596035,78.124519,120.0
17.596031,78.124527,114.0
17.596031,78.124527,113.0
17.596029,78.124535,109.0
17.596029,78.124535,113.0
17.596025,78.124542,116.0
17.596025,78.124542,130.0
17.59602,78.12455,191.0
17.59602,78.12455,190.0
17.59602,78.12455,190.0
17.596012,78.124557,193.0
17.596012,78.124557,196.0
17.596004,78.12455,195.0
17.596004,78.12455,200.0
17.595995,78.12455,195.0
17.595995,78.12455,196.0
17.595987,78.124542,195.0
17.595987,78.124542,193.0
17.595978,78.124542,194.0
17.595978,78.124542,192.0
17.595978,78.124542,189.0
17.595961,78.124535,188.0
17.595961,78.124535,186.0
17.595949,78.124535,185.0
17.595949,78.124535,185.0
17.595942,78.124535,183.0
17.595942,78.124535,185.0
17.595932,78.124527,181.0
17.595932,78.124527,182.0
17.595922,78.124519,177.0
17.595922,78.124519,176.0
17.595915,78.124519,179.0
17.595915,78.124519,177.0
17.595907,78.124512,179.0
17.595907,78.124512,178.0
17.5959,78.124512,72.0
17.5959,78.124512,36.0
17.595892,78.124504,177.0
17.595892,78.124504,179.0
17.595884,78.124504,175.0
17.595884,78.124504,177.0
17.595875,78.124496,172.0
17.595875,78.124496,171.0
17.595865,78.124489,174.0
17.595865,78.124489,173.0
17.595856,78.124489,178.0
17.595856,78.124489,178.0
17.595846,78.124481,186.0
17.595846,78.124481,185.0
17.595839,78.124481,107.0
17.595839,78.124481,181.0
17.595831,78.124481,175.0
17.595831,78.124481,177.0
17.595823,78.124481,175.0
17.595823,78.124481,173.0
17.595814,78.124481,174.0
17.595814,78.124481,69.0
17.595808,78.124474,236.0
17.595808,78.124474,251.0
17.595808,78.124466,259.0
17.595808,78.124466,261.0
17.595808,78.124466,253.0
17.59581,78.124458,251.0
17.59581,78.124458,251.0
17.59581,78.124458,251.0
17.595812,78.124451,253.0
17.595812,78.124451,255.0
17.595812,78.124451,260.0
17.595812,78.124451,260.0
17.595812,78.124451,261.0
17.595814,78.124451,260.0
17.595814,78.124451,252.0
17.595816,78.124451,133.0
17.595816,78.124451,106.0
17.595816,78.124458,81.0
17.595816,78.124458,80.0
17.595814,78.124466,90.0
17.595814,78.124466,88.0
17.595814,78.124481,85.0
17.595814,78.124481,86.0
17.595812,78.124489,90.0
17.595812,78.124489,101.0
17.595808,78.124496,144.0
17.595808,78.124496,149.0
17.5958,78.124496,159.0
17.5958,78.124496,158.0
17.595793,78.124504,168.0
17.595793,78.124504,166.0
17.595785,78.124489,174.0
17.595785,78.124489,174.0
17.595776,78.124489,172.0
17.595776,78.124489,172.0
17.595762,78.124489,172.0
17.595762,78.124489,174.0
17.595751,78.124489,169.0
17.595751,78.124489,106.0
17.595741,78.124481,218.0
17.595741,78.124481,237.0
17.595736,78.124481,254.0
17.595734,78.124474,257.0
17.595734,78.124474,258.0
17.595734,78.124474,259.0
17.595734,78.124474,260.0
17.59573,78.124458,260.0
17.59573,78.124458,260.0
17.59573,78.124458,258.0
17.595726,78.124451,242.0
17.595726,78.124451,240.0
17.59573,78.124451,244.0
17.59573,78.124451,251.0
17.59573,78.124451,234.0
17.59573,78.124451,227.0
17.595728,78.124443,159.0
17.595728,78.124443,160.0
17.595718,78.124443,166.0
17.595718,78.124443,167.0
17.595709,78.124443,165.0
17.595709,78.124443,168.0
17.595699,78.124435,162.0
17.595699,78.124435,162.0
17.595688,78.124428,155.0
17.595688,78.124428,156.0
17.595676,78.124428,161.0
17.595676,78.124428,160.0
17.595661,78.124428,162.0
17.595661,78.124428,160.0
17.59565,78.124428,162.0
17.59565,78.124428,160.0
17.595634,78.124428,163.0
17.595634,78.124428,164.0
17.595625,78.124428,165.0
17.595625,78.124428,165.0
17.595625,78.124428,164.0
17.595625,78.124428,164.0
17.595625,78.124428,165.0
17.595591,78.124428,164.0
17.595591,78.124428,164.0
17.595591,78.124428,164.0
17.595568,78.12442,164.0
17.595568,78.12442,162.0
17.595554,78.12442,164.0
17.595554,78.12442,163.0
17.595541,78.12442,163.0
17.595541,78.12442,163.0
17.595528,78.124413,159.0
17.595528,78.124413,160.0
17.595514,78.124413,155.0
17.595514,78.124413,155.0
17.595514,78.124413,152.0
17.595495,78.124413,151.0
17.595495,78.124413,152.0
17.595484,78.124413,151.0
17.595484,78.124413,148.0
17.595474,78.12442,192.0
17.595474,78.12442,206.0
17.595469,78.124413,241.0
17.595469,78.124413,245.0
17.595467,78.124405,240.0
17.595467,78.124405,239.0
17.595463,78.124405,237.0
17.595463,78.124405,234.0
17.595463,78.124397,233.0
17.595463,78.124397,233.0
17.595461,78.124397,246.0
17.595461,78.124397,245.0
17.595455,78.124397,246.0
17.595455,78.124397,246.0
17.595455,78.124397,241.0
17.595457,78.12439,241.0
17.595457,78.12439,244.0
17.595461,78.124405,243.0
17.595461,78.124405,246.0
17.595461,78.124405,243.0
17.595465,78.124413,242.0
17.595465,78.124413,242.0
17.595465,78.12442,243.0
17.595465,78.12442,245.0
17.595467,78.12442,247.0
17.595467,78.12442,249.0
17.595469,78.124428,285.0
17.595469,78.124428,311.0
17.59547,78.124443,45.0
17.59547,78.124443,54.0
17.595472,78.124451,49.0
17.595472,78.124451,44.0
17.595476,78.124466,31.0
17.595476,78.124466,24.0
17.595486,78.124481,354.0
17.595486,78.124481,343.0
17.595486,78.124481,340.0
17.595501,78.124481,342.0
17.595501,78.124481,340.0
17.59551,78.124489,340.0
17.59551,78.124489,343.0
17.59551,78.124489,349.0
17.59553,78.124489,347.0
17.59553,78.124489,352.0
17.595539,78.124496,355.0
17.595539,78.124496,356.0
17.595539,78.124496,354.0
17.595539,78.124496,355.0
17.595562,78.124504,359.0
17.595562,78.124504,2.0
17.595573,78.124504,357.0
17.595573,78.124504,356.0
17.595585,78.124504,0.0
17.595585,78.124504,358.0
17.595594,78.124504,1.0
17.595594,78.124504,357.0
17.595604,78.124512,357.0
17.595604,78.124512,355.0
17.595612,78.124512,356.0
17.595612,78.124512,355.0
17.595623,78.124512,357.0
17.595623,78.124512,1.0
17.595633,78.124512,357.0
17.595633,78.124512,358.0
17.595644,78.124519,354.0
17.595644,78.124519,353.0
17.595655,78.124519,356.0
17.595655,78.124519,2.0
17.595667,78.124519,2.0
17.595667,78.124519,1.0
17.595678,78.124519,6.0
17.595678,78.124519,9.0
17.595688,78.124527,5.0
17.595688,78.124527,4.0
17.595699,78.124527,14.0
17.595699,78.124527,10.0
17.595699,78.124527,15.0
17.595699,78.124527,11.0
17.595699,78.124527,5.0
17.595699,78.124527,1.0
17.595732,78.124527,2.0
17.595732,78.124527,3.0
17.595741,78.124535,6.0
17.595741,78.124535,7.0
17.595751,78.124535,356.0
17.595751,78.124535,356.0
17.595751,78.124535,353.0
17.595751,78.124535,353.0
17.595772,78.12455,351.0
17.595772,78.12455,351.0
17.595783,78.12455,352.0
17.595783,78.12455,350.0
17.595793,78.12455,354.0
17.595793,78.12455,353.0
17.595804,78.124557,0.0
17.595804,78.124557,357.0
17.595812,78.124565,357.0
17.595812,78.124565,357.0
17.595823,78.124565,359.0
17.595823,78.124565,0.0
17.595835,78.124573,359.0
17.595835,78.124573,0.0
17.595844,78.124573,359.0
17.595844,78.124573,2.0
17.595844,78.124573,0.0
17.595863,78.124588,1.0
17.595863,78.124588,3.0
17.595873,78.124588,12.0
17.595873,78.124588,13.0
17.595873,78.124588,13.0
17.595896,78.124596,12.0
17.595896,78.124596,8.0
17.595907,78.124603,6.0
17.595907,78.124603,5.0
17.595919,78.124603,4.0
17.595919,78.124603,3.0
17.595919,78.124603,3.0
17.595919,78.124603,5.0
17.595919,78.124603,5.0
17.595919,78.124603,5.0
17.595919,78.124603,3.0
17.595966,78.124611,0.0
17.595966,78.124611,3.0
17.595976,78.124619,6.0
17.595976,78.124619,8.0
17.595976,78.124619,16.0
17.595976,78.124619,18.0
17.595976,78.124619,14.0
17.595976,78.124619,17.0
17.596012,78.124626,11.0
17.596012,78.124626,12.0
17.596018,78.124649,12.0
17.596018,78.124649,10.0
17.596029,78.124649,9.0
17.596029,78.124649,7.0
17.596043,78.124649,10.0
17.596043,78.124649,8.0
17.596054,78.124649,11.0
17.596054,78.124649,12.0
17.596064,78.124657,14.0
17.596064,78.124657,13.0
17.596064,78.124657,7.0
17.596087,78.124664,359.0
17.596087,78.124664,0.0
17.596096,78.124664,4.0
17.596096,78.124664,5.0
17.596107,78.124664,357.0
17.596107,78.124664,358.0
17.596121,78.124664,0.0
17.596121,78.124664,358.0
17.596132,78.124664,358.0
17.596132,78.124664,358.0
17.596132,78.124664,359.0
17.596132,78.124664,357.0
17.596155,78.124672,352.0
17.596155,78.124672,348.0
17.596167,78.124664,353.0
17.596167,78.124664,350.0
17.59618,78.124664,353.0
17.59618,78.124664,351.0
17.596191,78.124657,353.0
17.596191,78.124657,353.0
17.596203,78.124657,351.0
17.596203,78.124657,352.0
17.596216,78.124657,353.0
17.596216,78.124657,355.0
17.596228,78.124649,354.0
17.596228,78.124649,353.0
17.596239,78.124649,351.0
17.596239,78.124649,352.0
17.596251,78.124649,355.0
17.596251,78.124649,356.0
17.596251,78.124649,358.0
17.596251,78.124649,356.0
17.596251,78.124649,354.0
17.596251,78.124649,357.0
17.596273,78.124641,357.0
17.596275,78.124641,359.0
17.596275,78.124641,0.0
17.596275,78.124641,357.0
17.596277,78.124641,357.0
17.596277,78.124641,357.0
17.596277,78.124641,357.0
17.596277,78.124641,357.0
17.596277,78.124641,358.0
17.596279,78.124641,358.0
17.596279,78.124641,358.0
17.596279,78.124641,0.0
17.596279,78.124641,359.0
17.596281,78.124634,359.0
17.596281,78.124634,358.0
17.596281,78.124634,359.0
17.596281,78.124634,0.0
17.596279,78.124626,311.0
17.596279,78.124626,276.0
17.596279,78.124619,238.0
17.596279,78.124619,240.0
17.596281,78.124611,243.0
17.596281,78.124611,243.0
17.596279,78.124596,245.0
17.596279,78.124596,245.0
17.596279,78.12458,250.0
17.596279,78.12458,248.0
17.596281,78.124573,253.0
17.596281,78.124573,253.0
17.596281,78.124565,258.0
17.596281,78.124565,257.0
17.596281,78.124565,256.0
17.596281,78.12455,254.0
17.596281,78.12455,255.0
17.596283,78.124542,256.0
17.596283,78.124542,260.0
17.596283,78.124542,254.0
17.596283,78.124542,256.0
17.596279,78.124512,255.0
17.596279,78.124512,259.0
17.596279,78.124504,255.0
17.596279,78.124504,255.0
17.596279,78.124489,257.0
17.596279,78.124489,257.0
17.596279,78.124481,257.0
17.596279,78.124481,257.0
17.596273,78.124474,263.0
17.596273,78.124474,256.0
17.596268,78.124466,257.0
17.596268,78.124466,259.0
17.596268,78.124466,262.0
17.596268,78.124466,268.0
17.596266,78.124451,265.0
17.596266,78.124451,271.0
17.596266,78.124451,264.0
17.596266,78.124451,267.0
17.59626,78.124428,252.0
17.59626,78.124428,234.0
17.596256,78.124428,188.0
17.596256,78.124428,185.0
17.596249,78.124428,184.0
17.596249,78.124428,290.0
17.596243,78.124428,107.0
17.596243,78.124428,181.0
17.596237,78.124428,183.0
17.596237,78.124428,186.0
17.596205,78.124413,179.0
17.596205,78.124413,181.0
17.596155,78.124397,174.0
17.596155,78.124397,174.0
17.596155,78.124397,175.0
17.596083,78.124367,188.0
17.596083,78.124367,207.0
17.596077,78.124367,262.0
17.596077,78.124367,276.0
17.596069,78.124359,281.0
17.596069,78.124359,277.0
17.596066,78.124352,276.0
17.596066,78.124352,275.0
17.596066,78.124352,263.0
17.59606,78.124329,253.0
17.59606,78.124329,253.0
17.596067,78.124329,255.0
17.596067,78.124329,247.0
17.596077,78.124329,211.0
17.596077,78.124329,201.0
17.596088,78.124336,181.0
17.596088,78.124336,183.0
17.596085,78.124336,188.0
17.596085,78.124336,193.0
17.596092,78.124336,196.0
17.596092,78.124336,196.0
17.596083,78.124336,198.0
17.596083,78.124336,197.0
17.596083,78.124336,200.0
17.596083,78.124336,200.0
17.596079,78.124336,204.0
17.596079,78.124336,204.0
17.596077,78.124336,200.0
17.596077,78.124336,200.0
17.596077,78.124336,198.0
17.596077,78.124336,199.0
17.596083,78.124336,199.0
17.596083,78.124336,200.0
17.596081,78.124336,199.0
17.596081,78.124336,200.0
17.596085,78.124336,199.0
17.596085,78.124336,197.0
17.596092,78.124336,200.0
17.596092,78.124336,198.0
17.59609,78.124344,199.0
17.59609,78.124344,200.0
17.596085,78.124336,199.0
17.596085,78.124336,201.0
17.596081,78.124336,195.0
17.596081,78.124336,197.0
17.596073,78.124336,198.0
17.596073,78.124336,197.0
17.596073,78.124336,200.0
17.596073,78.124336,197.0
17.59606,78.124336,194.0
17.59606,78.124336,290.0
17.596056,78.124336,133.0
17.596056,78.124336,126.0
17.596054,78.124344,112.0
17.596052,78.124344,110.0
17.596052,78.124344,108.0
17.59605,78.124352,107.0
17.59605,78.124352,102.0
17.59605,78.124352,103.0
17.596052,78.124359,104.0
17.596052,78.124359,105.0
17.596052,78.124359,112.0
17.596052,78.124359,113.0
17.59605,78.124359,113.0
17.59605,78.124359,113.0
17.596052,78.124374,115.0
17.596052,78.124374,114.0
17.59605,78.124382,102.0
17.59605,78.124382,106.0
17.596052,78.124382,120.0
17.596052,78.124382,119.0
17.596056,78.124352,156.0
17.596056,78.124352,175.0
17.596052,78.124352,193.0
17.596052,78.124352,192.0
17.596052,78.124352,192.0
17.596052,78.124352,186.0
17.596025,78.124367,191.0
17.596025,78.124367,195.0
17.596025,78.124367,198.0
17.596025,78.124367,199.0
17.596025,78.124367,197.0
17.595999,78.124367,196.0
17.595993,78.124367,194.0
17.595993,78.124367,191.0
17.595987,78.124359,195.0
17.595987,78.124359,195.0
17.595974,78.124359,194.0
17.595974,78.124359,192.0
17.595953,78.124359,193.0
17.595953,78.124359,194.0
17.59594,78.124344,184.0
17.59594,78.124344,185.0
17.595932,78.124329,181.0
17.595932,78.124329,177.0
17.595922,78.124313,171.0
17.595922,78.124313,167.0
17.595911,78.124298,168.0
17.595911,78.124298,166.0
17.595898,78.124283,163.0
17.595898,78.124283,163.0
17.59589,78.124275,163.0
17.59589,78.124275,167.0
17.595879,78.124268,167.0
17.595879,78.124268,172.0
17.595869,78.12426,101.0
17.595869,78.12426,198.0
17.595869,78.12426,251.0
17.595869,78.12426,247.0
17.595869,78.124252,254.0
17.595867,78.124245,251.0
17.595867,78.124245,253.0
17.595869,78.124245,252.0
17.595869,78.124245,253.0
17.595871,78.124229,256.0
17.595871,78.124229,255.0
17.595873,78.124229,259.0
17.595873,78.124229,254.0
17.595875,78.124222,259.0
17.595875,78.124222,258.0
17.595875,78.124214,260.0
17.595873,78.124214,255.0
17.595873,78.124214,257.0
17.595871,78.124199,276.0
17.595871,78.124199,283.0
17.595871,78.124199,314.0
17.595871,78.124199,311.0
17.595871,78.124199,307.0
17.595871,78.124199,298.0
17.595871,78.124199,291.0
17.595871,78.124199,288.0
17.595871,78.124199,281.0
17.595871,78.124199,281.0
17.595871,78.124199,283.0
17.595871,78.124199,283.0
17.595871,78.124199,283.0
17.595888,78.124176,282.0
17.595888,78.124176,278.0
17.595911,78.124176,293.0
17.595911,78.124176,146.0
17.595911,78.124176,146.0
17.595911,78.124176,146.0
17.595911,78.124176,136.0
17.595911,78.124176,131.0
17.595911,78.124176,130.0
17.595911,78.124176,106.0
17.595911,78.124176,99.0
17.595911,78.124176,98.0
17.595911,78.124176,97.0
17.595924,78.124199,99.0
17.595924,78.124199,100.0
17.595905,78.124229,90.0
17.595905,78.124229,92.0
17.5959,78.124252,98.0
17.5959,78.124252,106.0
17.595892,78.124268,106.0
17.595892,78.124268,107.0
17.595888,78.124268,100.0
17.595888,78.124268,98.0
17.595898,78.124237,101.0
17.595898,78.124237,102.0
17.595892,78.124222,104.0
17.595892,78.124222,98.0
17.595873,78.124237,103.0
17.595873,78.124237,98.0
17.595873,78.124207,96.0
17.595873,78.124207,97.0
17.595863,78.124199,85.0
17.595863,78.124199,85.0
17.595869,78.124176,81.0
17.595869,78.124176,84.0
17.595877,78.12413,73.0
17.595877,78.12413,71.0
17.595882,78.1241,84.0
17.595882,78.1241,91.0
17.595882,78.1241,88.0
17.595879,78.124161,90.0
17.595879,78.124161,88.0
17.595894,78.124207,86.0
17.595894,78.124207,91.0
17.5959,78.124207,165.0
17.5959,78.124207,195.0
17.5959,78.124207,243.0
17.5959,78.124207,245.0
17.5959,78.124207,245.0
17.5959,78.124207,244.0
17.5959,78.124207,242.0
17.5959,78.124207,239.0
17.5959,78.124207,240.0
17.5959,78.124207,248.0
17.5959,78.124207,253.0
17.5959,78.124207,255.0
17.5959,78.124207,259.0
17.5959,78.124207,261.0
17.5959,78.124207,262.0
17.5959,78.124207,262.0
17.5959,78.124207,263.0
17.5959,78.124207,262.0
17.5959,78.124207,263.0
17.5959,78.124207,240.0
17.5959,78.124207,221.0
17.5959,78.124207,184.0
17.595934,78.124245,176.0
17.595934,78.124245,174.0
17.595898,78.124222,174.0
17.595898,78.124222,174.0
17.595863,78.124214,173.0
17.595863,78.124214,173.0
17.595835,78.124199,170.0
17.595835,78.124199,173.0
17.595816,78.124191,172.0
17.595816,78.124191,176.0
17.595798,78.124199,173.0
17.595798,78.124199,176.0
17.595798,78.124199,175.0
17.595758,78.124184,176.0
17.595758,78.124184,174.0
17.595745,78.124191,179.0
17.595745,78.124191,178.0
17.595745,78.124191,176.0
17.595737,78.124207,324.0
17.595737,78.124207,182.0
17.595737,78.124207,183.0
17.59573,78.124176,176.0
17.59573,78.124176,177.0
17.595722,78.124168,172.0
17.595722,78.124168,174.0
17.595707,78.124153,167.0
17.595707,78.124153,167.0
17.595707,78.124153,155.0
17.595699,78.124176,156.0
17.595699,78.124176,155.0
17.595694,78.124161,220.0
17.595694,78.124161,197.0
17.595694,78.124161,253.0
17.595684,78.124153,252.0
17.595684,78.124153,248.0
17.595676,78.124176,236.0
17.595676,78.124176,234.0
17.595684,78.124207,240.0
17.595684,78.124207,228.0
17.59568,78.124283,69.0
17.59568,78.124283,171.0
17.595675,78.124344,176.0
17.595669,78.124374,176.0
17.595669,78.124374,175.0
17.595663,78.124397,172.0
17.595663,78.124397,175.0
17.595657,78.124405,173.0
17.595657,78.124405,174.0
17.595655,78.12442,172.0
17.595655,78.12442,175.0
17.595646,78.124397,171.0
17.595646,78.124397,173.0
17.595636,78.124382,170.0
17.595636,78.124382,169.0
17.595636,78.124382,176.0
17.595631,78.124405,183.0
17.595631,78.124405,36.0
17.595621,78.124413,181.0
17.595621,78.124413,178.0
17.595617,78.124496,183.0
17.595617,78.124496,183.0
17.595627,78.124504,183.0
17.595627,78.124504,184.0
17.595631,78.124496,188.0
17.595631,78.124496,187.0
17.595634,78.124489,182.0
17.595634,78.124489,184.0
17.595621,78.124489,289.0
17.595621,78.124489,179.0
17.595621,78.124489,174.0
17.595621,78.124489,174.0
17.595615,78.124481,173.0
17.595615,78.124481,173.0
17.59561,78.124466,175.0
17.59561,78.124466,172.0
17.595613,78.124489,175.0
17.595613,78.124489,173.0
17.595602,78.124489,174.0
17.595602,78.124489,173.0
17.5956,78.124496,174.0
17.5956,78.124496,175.0
17.595589,78.124504,174.0
17.595577,78.124504,174.0
17.595577,78.124504,175.0
17.595558,78.124489,174.0
17.595558,78.124489,176.0
17.595549,78.124504,168.0
17.595549,78.124504,169.0
17.595531,78.124489,165.0
17.595531,78.124489,164.0
17.595516,78.124474,170.0
17.595516,78.124474,167.0
17.595516,78.124474,171.0
17.595516,78.124474,171.0
17.595484,78.124451,174.0
17.595484,78.124451,171.0
17.59547,78.124451,173.0
17.59547,78.124451,174.0
17.595457,78.124443,178.0
17.595457,78.124443,177.0
17.59544,78.124435,171.0
17.59544,78.124435,172.0
17.595423,78.124405,171.0
17.595423,78.124405,172.0
17.595423,78.124405,170.0
17.595407,78.12439,173.0
17.595404,78.124374,189.0
17.595404,78.124374,196.0
17.595398,78.124374,185.0
17.595387,78.124367,166.0
17.595377,78.124359,169.0
17.595377,78.124359,165.0
17.595364,78.124359,164.0
17.595364,78.124359,162.0
17.595354,78.124352,160.0
17.595354,78.124352,158.0
17.595343,78.124344,157.0
17.595343,78.124344,159.0
17.595333,78.124336,157.0
17.595333,78.124336,159.0
17.595322,78.124329,254.0
17.595322,78.124329,206.0
17.595322,78.124329,223.0
17.595312,78.124329,213.0
17.595312,78.124329,206.0
17.595312,78.124329,200.0
17.595308,78.124329,200.0
17.595308,78.124329,201.0
17.595308,78.124329,202.0
17.595308,78.124329,202.0
17.595308,78.124329,201.0
17.595308,78.124321,200.0
17.595308,78.124321,203.0
17.595306,78.124321,207.0
17.595306,78.124321,205.0
17.595306,78.124321,226.0
17.595308,78.124321,32.0
17.595308,78.124321,150.0
17.595303,78.124306,140.0
17.595303,78.124306,147.0
17.595293,78.124298,169.0
17.595293,78.124298,171.0
17.595282,78.124298,107.0
17.595282,78.124298,36.0
17.595272,78.12429,179.0
17.595272,78.12429,179.0
17.595263,78.12429,174.0
17.595263,78.12429,177.0
17.595257,78.124283,171.0
17.595257,78.124283,172.0
17.595249,78.124283,171.0
17.595249,78.124283,173.0
17.59524,78.124283,170.0
17.59524,78.124283,171.0
17.595234,78.12429,176.0
17.595234,78.12429,171.0
17.595222,78.12429,177.0
17.595222,78.12429,174.0
17.595219,78.124283,175.0
17.595219,78.124283,175.0
17.595209,78.124275,181.0
17.595209,78.124275,180.0
17.595201,78.124283,174.0
17.595201,78.124283,171.0
17.595188,78.124283,172.0
17.595188,78.124283,174.0
17.595182,78.124275,171.0
17.595182,78.124275,174.0
17.595182,78.124275,179.0
17.59516,78.124275,175.0
17.59516,78.124275,177.0
17.59516,78.124275,174.0
17.59514,78.12426,176.0
17.59514,78.12426,176.0
17.595133,78.12426,178.0
17.595133,78.12426,176.0
17.595123,78.12426,177.0
17.595112,78.124252,0.0
17.595112,78.124252,179.0
17.595108,78.124252,289.0
17.595108,78.124252,183.0
17.595108,78.124252,182.0
17.595108,78.124252,184.0
17.595112,78.124245,184.0
17.595112,78.124245,184.0
17.595102,78.12426,185.0
17.595102,78.12426,186.0
17.595102,78.12426,185.0
17.595102,78.12426,185.0
17.595102,78.12426,185.0
17.595121,78.124245,183.0
17.595121,78.124245,183.0
17.595119,78.124252,182.0
17.595119,78.124252,182.0
17.595119,78.124252,181.0
17.595114,78.12426,187.0
17.595114,78.12426,212.0
17.595116,78.12426,333.0
17.595116,78.12426,345.0
17.595121,78.124268,347.0
17.595121,78.124268,343.0
17.595127,78.12426,337.0
17.595127,78.12426,339.0
17.595133,78.12426,353.0
17.595133,78.12426,354.0
17.595133,78.12426,339.0
17.595146,78.12426,278.0
17.595146,78.12426,268.0
17.595144,78.124252,259.0
17.595144,78.124252,260.0
17.595137,78.124245,261.0
17.595137,78.124245,262.0
17.595133,78.124245,264.0
17.595133,78.124245,265.0
17.595125,78.124245,259.0
17.595125,78.124245,260.0
17.595116,78.124245,256.0
17.595116,78.124245,260.0
17.595116,78.124245,261.0
17.595116,78.124245,260.0
17.595097,78.124245,264.0
17.595097,78.124245,260.0
17.595097,78.124245,264.0
17.595087,78.124237,264.0
17.595087,78.124237,263.0
17.595085,78.124229,264.0
17.595085,78.124229,263.0
17.595076,78.124229,263.0
17.595076,78.124229,268.0
17.595064,78.124229,261.0
17.595064,78.124229,264.0
17.595055,78.124222,258.0
17.595055,78.124222,259.0
17.59506,78.124199,258.0
17.59506,78.124199,257.0
17.59506,78.124199,261.0
17.59507,78.124161,267.0
17.59507,78.124161,265.0
17.59507,78.124146,268.0
17.59507,78.124146,267.0
17.59507,78.12413,264.0
17.59507,78.12413,262.0
17.595068,78.124123,260.0
17.595068,78.124123,262.0
17.59507,78.124107,258.0
17.59507,78.124107,259.0
17.595072,78.1241,257.0
17.595072,78.1241,257.0
17.595072,78.124084,258.0
17.595072,78.124084,256.0
17.595074,78.124069,267.0
17.595074,78.124069,265.0
17.595074,78.124054,265.0
17.595074,78.124054,263.0
17.595074,78.124039,266.0
17.595074,78.124039,265.0
17.595074,78.124039,268.0
17.595074,78.124039,267.0
17.595074,78.124039,268.0
17.595076,78.124008,265.0
17.595076,78.124008,266.0
17.595076,78.124001,265.0
17.595076,78.124001,266.0
17.595076,78.123993,267.0
17.595076,78.123993,266.0
17.595076,78.123985,266.0
17.595076,78.123985,266.0
17.595079,78.123985,263.0
17.595079,78.123985,264.0
17.595081,78.123993,267.0
17.595081,78.123993,264.0
17.595083,78.124001,263.0
17.595083,78.124001,267.0
17.595083,78.124001,38.0
17.595083,78.124001,95.0
17.595083,78.124001,96.0
17.595079,78.124031,98.0
17.595079,78.124031,89.0
17.595081,78.124039,4.0
17.595081,78.124039,353.0
17.595087,78.124031,342.0
17.595087,78.124031,343.0
17.595093,78.124031,346.0
17.595093,78.124031,343.0
17.595104,78.124031,344.0
17.595104,78.124031,343.0
17.595112,78.124031,344.0
17.595112,78.124031,345.0
17.595119,78.124031,349.0
17.595119,78.124031,350.0
17.595129,78.124031,348.0
17.595129,78.124031,349.0
17.59514,78.124031,342.0
17.59514,78.124031,345.0
17.595148,78.124031,345.0
17.595148,78.124031,347.0
17.595154,78.124031,346.0
17.595154,78.124031,345.0
17.59516,78.124031,350.0
17.59516,78.124031,349.0
17.59516,78.124031,350.0
17.59516,78.124031,349.0
17.595181,78.124031,347.0
17.595181,78.124031,348.0
17.595181,78.124031,345.0
17.595196,78.124039,345.0
17.595196,78.124039,346.0
17.595203,78.124039,347.0
17.595203,78.124039,349.0
17.595215,78.124039,339.0
17.595215,78.124039,338.0
17.595215,78.124039,341.0
17.595215,78.124039,341.0
17.595224,78.124046,10.0
17.595224,78.124046,39.0
17.595226,78.124054,74.0
17.595226,78.124054,80.0
17.595222,78.124062,81.0
17.595222,78.124062,77.0
17.595217,78.124069,71.0
17.595217,78.124069,63.0
17.595217,78.124069,52.0
17.595211,78.124084,38.0
17.595211,78.124084,39.0
17.595207,78.124084,37.0
17.595207,78.124084,37.0
17.595207,78.124084,38.0
17.595203,78.124069,62.0
17.595203,78.124069,69.0
17.5952,78.124062,113.0
17.5952,78.124062,144.0
17.5952,78.124046,238.0
17.5952,78.124046,248.0
17.5952,78.124039,256.0
17.5952,78.124039,257.0
17.595201,78.124023,260.0
17.595201,78.124023,259.0
17.595201,78.124008,260.0
17.595201,78.124008,261.0
17.595201,78.124001,263.0
17.595201,78.124001,264.0
17.595201,78.123993,265.0
17.595201,78.123993,268.0
17.595201,78.123993,267.0
17.595207,78.123978,263.0
17.595207,78.123978,263.0
17.595207,78.123978,263.0
17.595207,78.123978,269.0
17.595209,78.123978,264.0
17.595209,78.123978,269.0
17.595213,78.12397,328.0
17.595213,78.12397,340.0
17.595217,78.123962,359.0
17.595221,78.123962,1.0
17.595221,78.123962,359.0
17.595226,78.123962,355.0
17.595226,78.123962,357.0
17.595234,78.123962,354.0
17.595234,78.123962,351.0
17.595242,78.123962,350.0
17.595242,78.123962,347.0
17.595253,78.123962,349.0
17.595253,78.123962,347.0
17.595259,78.123955,344.0
17.595259,78.123955,344.0
17.595266,78.123955,348.0
17.595266,78.123955,348.0
17.59527,78.123955,345.0
17.59527,78.123955,349.0
17.595276,78.123947,355.0
17.595276,78.123947,8.0
17.595278,78.123947,65.0
17.595278,78.123947,77.0
17.595285,78.123947,97.0
17.595285,78.123947,98.0
17.595289,78.123947,113.0
17.595301,78.123962,119.0
17.595301,78.123962,122.0
17.595314,78.123978,129.0
17.595314,78.123978,134.0
17.595322,78.123993,139.0
17.595322,78.123993,139.0
17.595324,78.124008,141.0
17.595324,78.124008,142.0
17.595324,78.124008,146.0
17.595316,78.124023,147.0
17.595316,78.124023,147.0
17.595316,78.124023,147.0
17.595308,78.124031,140.0
17.595308,78.124031,122.0
17.59531,78.124023,95.0
17.59531,78.124023,85.0
17.595312,78.124023,310.0
17.595312,78.124023,289.0
17.595316,78.124016,264.0
17.595316,78.124016,262.0
17.59532,78.124001,263.0
17.59532,78.124001,259.0
17.595322,78.123993,266.0
17.595322,78.123993,265.0
17.595322,78.123978,262.0
17.595322,78.123978,262.0
17.595324,78.12397,262.0
17.595324,78.12397,264.0
17.595325,78.123955,262.0
17.595325,78.123955,265.0
17.595324,78.123955,269.0
17.595324,78.123955,269.0
17.595324,78.123955,267.0
17.595329,78.123947,267.0
17.595329,78.123947,269.0
17.595335,78.123947,273.0
17.595335,78.123947,298.0
17.595335,78.123947,52.0
17.595335,78.123947,70.0
17.595335,78.123955,92.0
17.595335,78.123955,93.0
17.595335,78.123955,85.0
17.595335,78.123955,69.0
17.595341,78.123962,6.0
17.595341,78.123962,354.0
17.595352,78.123962,356.0
17.595352,78.123962,352.0
17.595364,78.123955,355.0
17.595364,78.123955,352.0
17.595373,78.123947,355.0
17.595373,78.123947,355.0
17.595381,78.123947,355.0
17.595381,78.123947,356.0
17.59539,78.123947,350.0
17.59539,78.123947,351.0
17.59539,78.123947,352.0
17.595407,78.123955,348.0
17.595407,78.123955,348.0
17.595407,78.123955,345.0
17.595428,78.123947,348.0
17.595428,78.123947,344.0
17.59544,78.123955,345.0
17.59544,78.123955,347.0
17.59544,78.123955,347.0
17.59544,78.123955,351.0
17.595451,78.12397,347.0
17.595451,78.12397,352.0
17.595461,78.123978,345.0
17.595461,78.123978,344.0
17.595472,78.123985,346.0
17.595472,78.123985,344.0
17.595482,78.123993,344.0
17.595482,78.123993,344.0
17.595482,78.123993,52.0
17.595493,78.123993,77.0
17.595493,78.123993,85.0
17.595493,78.124001,92.0
17.595493,78.124001,93.0
17.595493,78.124001,97.0
17.595493,78.124001,98.0
17.595497,78.124023,114.0
17.595497,78.124023,117.0
17.595501,78.124023,143.0
17.595495,78.124023,113.0
17.595495,78.124023,110.0
17.595495,78.124023,101.0
17.595497,78.124001,107.0
17.595497,78.124001,106.0
17.595499,78.123985,106.0
17.595499,78.123985,106.0
17.595495,78.12397,108.0
17.595495,78.12397,108.0
17.595488,78.123947,107.0
17.595488,78.123947,109.0
17.595488,78.123947,109.0
17.595482,78.123917,109.0
17.595482,78.123917,110.0
17.59548,78.123894,109.0
17.59548,78.123894,111.0
17.595484,78.123886,175.0
17.595484,78.123886,184.0
17.595484,78.123886,221.0
17.595484,78.123886,243.0
17.595486,78.123863,267.0
17.595486,78.123863,267.0
17.595482,78.123848,261.0
17.595482,78.123848,262.0
17.595486,78.123833,254.0
17.595486,78.123833,258.0
17.59549,78.123817,254.0
17.59549,78.123817,257.0
17.595486,78.12381,254.0
17.595486,78.12381,252.0
17.595486,78.123802,254.0
17.595486,78.123802,253.0
17.595486,78.123802,257.0
17.595486,78.123802,255.0
17.595486,78.123772,257.0
17.595486,78.123772,259.0
17.595488,78.123764,261.0
17.595488,78.123764,264.0
17.59549,78.123772,263.0
17.59549,78.123772,262.0
17.595495,78.123764,263.0
17.595495,78.123764,264.0
17.595497,78.123772,265.0
17.595497,78.123772,265.0
17.595499,78.123772,266.0
17.595499,78.123772,266.0
17.595499,78.123772,267.0
17.595499,78.123772,267.0
17.595503,78.123779,267.0
17.595503,78.123779,267.0
17.595505,78.123787,262.0
17.595505,78.123787,267.0
17.595507,78.123787,337.0
17.595507,78.123787,10.0
17.595507,78.123787,70.0
17.595507,78.123787,82.0
17.595509,78.123779,82.0
17.595509,78.123779,77.0
17.595512,78.123787,64.0
17.595512,78.123787,56.0
17.595518,78.123779,355.0
17.595518,78.123779,349.0
17.595524,78.123772,334.0
17.595524,78.123772,340.0
17.595533,78.123764,335.0
17.595533,78.123764,334.0
17.595541,78.123764,336.0
17.595541,78.123764,334.0
17.595551,78.123764,339.0
17.595551,78.123764,339.0
17.595564,78.123764,339.0
17.595564,78.123764,345.0
17.595575,78.123764,350.0
17.595575,78.123764,353.0
17.595581,78.123749,354.0
17.595581,78.123749,357.0
17.595581,78.123749,350.0
17.595606,78.123741,347.0
17.595606,78.123741,344.0
17.595615,78.123734,348.0
17.595615,78.123734,347.0
17.595629,78.123726,345.0
17.595629,78.123726,351.0
17.59564,78.123726,349.0
17.59564,78.123726,352.0
17.595652,78.123718,346.0
17.595652,78.123718,344.0
17.595652,78.123718,345.0
17.595652,78.123718,344.0
17.595673,78.123703,346.0
17.595673,78.123703,344.0
17.595684,78.123695,342.0
17.595684,78.123695,343.0
17.595684,78.123695,342.0
17.595684,78.123695,345.0
17.595707,78.12368,344.0
17.595707,78.12368,347.0
17.595718,78.123672,342.0
17.595718,78.123672,340.0
17.595728,78.123665,339.0
17.595728,78.123665,337.0
17.595741,78.123665,341.0
17.595741,78.123665,340.0
17.595749,78.123657,337.0
17.595749,78.123657,337.0
17.595758,78.12365,337.0
17.595758,78.12365,340.0
17.595766,78.123634,342.0
17.595766,78.123634,347.0
17.595776,78.123634,350.0
17.595776,78.123634,352.0
17.595787,78.123634,350.0
17.595787,78.123634,350.0
17.595795,78.123627,348.0
17.595795,78.123627,352.0
17.595798,78.123627,44.0
17.595798,78.123627,61.0
17.595798,78.123619,76.0
17.595798,78.123619,79.0
17.595797,78.123619,86.0
17.595797,78.123619,86.0
17.595797,78.123627,95.0
17.595797,78.123627,95.0
17.595798,78.123634,96.0
17.595798,78.123634,95.0
17.595797,78.123634,96.0
17.595797,78.123634,96.0
17.595795,78.123634,99.0
17.595795,78.123634,102.0
17.595793,78.123642,111.0
17.595793,78.123642,112.0
17.595793,78.123642,116.0
17.595791,78.123665,119.0
17.595791,78.123665,119.0
17.595789,78.123665,120.0
17.595789,78.123665,119.0
17.595789,78.123665,113.0
17.595789,78.123665,101.0
17.595785,78.123665,324.0
17.595785,78.123665,290.0
17.595785,78.123665,256.0
17.595781,78.123657,261.0
17.595781,78.123657,260.0
17.595781,78.123657,257.0
17.595781,78.123657,254.0
17.595783,78.123642,255.0
17.595783,78.123642,257.0
17.595785,78.123634,254.0
17.595785,78.123634,256.0
17.595789,78.123634,258.0
17.595789,78.123634,261.0
17.595789,78.123634,258.0
17.595789,78.123634,259.0
17.595791,78.123642,267.0
17.595791,78.123642,267.0
17.595793,78.123642,269.0
17.595793,78.123642,267.0
17.595798,78.123657,267.0
17.595798,78.123657,267.0
17.5958,78.123657,266.0
17.5958,78.123657,266.0
17.5958,78.123657,271.0
17.595806,78.123672,347.0
17.595806,78.123672,29.0
17.59581,78.12368,82.0
17.59581,78.12368,82.0
17.595808,78.123688,86.0
17.595808,78.123688,87.0
17.595806,78.123695,90.0
17.595806,78.123695,92.0
17.595806,78.123695,88.0
17.595806,78.123695,66.0
17.595812,78.123695,353.0
17.595812,78.123695,340.0
17.595821,78.123695,341.0
17.595821,78.123695,339.0
17.595821,78.123695,342.0
17.595821,78.123695,340.0
17.595844,78.12368,347.0
17.595844,78.12368,349.0
17.595854,78.12368,356.0
17.595854,78.12368,359.0
17.595863,78.12368,357.0
17.595863,78.12368,352.0
17.595873,78.12368,350.0
17.595873,78.12368,349.0
17.595882,78.12368,350.0
17.595882,78.12368,349.0
17.595894,78.123672,347.0
17.595894,78.123672,348.0
17.595894,78.123672,351.0
17.595894,78.123672,350.0
17.595913,78.123665,352.0
17.595913,78.123665,351.0
17.595922,78.123665,351.0
17.595922,78.123665,352.0
17.595934,78.123657,347.0
17.595934,78.123657,347.0
17.595942,78.123642,344.0
17.595942,78.123642,346.0
17.595947,78.123619,340.0
17.595947,78.123619,344.0
17.595949,78.123611,84.0
17.595949,78.123611,90.0
17.595949,78.123611,91.0
17.595943,78.123604,91.0
17.595943,78.123604,91.0
17.595943,78.123604,94.0
17.595945,78.123604,100.0
17.595945,78.123604,99.0
17.595947,78.123604,97.0
17.595947,78.123604,96.0
17.595947,78.123604,99.0
17.595947,78.123604,92.0
17.595938,78.123604,73.0
17.595938,78.123604,47.0
17.595942,78.123596,305.0
17.595942,78.123596,286.0
17.59594,78.123581,251.0
17.59594,78.123581,252.0
17.595942,78.123573,256.0
17.595942,78.123573,253.0
17.595942,78.123566,254.0
17.595942,78.123566,253.0
17.595943,78.123566,259.0
17.595943,78.123566,257.0
17.595943,78.123566,259.0
17.595943,78.123566,264.0
17.595943,78.123566,266.0
17.595943,78.123566,268.0
17.595947,78.123596,268.0
17.595947,78.123596,269.0
17.595947,78.123611,304.0
17.595947,78.123611,307.0
17.595947,78.123611,33.0
17.595947,78.123611,66.0
17.595947,78.123627,76.0
17.595947,78.123627,76.0
17.595947,78.123627,74.0
17.595947,78.123627,59.0
17.595947,78.123627,49.0
17.595947,78.123627,357.0
17.595947,78.123627,346.0
17.595947,78.123627,343.0
17.595961,78.123634,346.0
17.595961,78.123634,347.0
17.595961,78.123634,347.0
17.595972,78.123642,349.0
17.595972,78.123642,351.0
17.595982,78.12365,347.0
17.595982,78.12365,349.0
17.595993,78.12365,350.0
17.595993,78.12365,350.0
17.596004,78.12365,346.0
17.596004,78.12365,344.0
17.596016,78.123657,350.0
17.596016,78.123657,346.0
17.596027,78.123665,347.0
17.596027,78.123665,347.0
17.596041,78.123672,345.0
17.596041,78.123672,350.0
17.596041,78.123672,353.0
17.596041,78.123672,350.0
17.596041,78.123672,352.0
17.596077,78.123703,353.0
17.596077,78.123703,353.0
17.596088,78.123711,355.0
17.596088,78.123711,358.0
17.596096,78.123711,1.0
17.596096,78.123711,1.0
17.596107,78.123711,1.0
17.596107,78.123711,357.0
17.596115,78.123718,11.0
17.596115,78.123718,25.0
17.596121,78.123741,105.0
17.596121,78.123741,113.0
17.596121,78.123749,119.0
17.596121,78.123749,125.0
17.596125,78.123764,132.0
17.596125,78.123764,134.0
17.596125,78.123764,137.0
17.596125,78.123764,137.0
17.596125,78.123764,138.0
17.596125,78.123764,138.0
17.596125,78.123764,135.0
17.596125,78.123779,233.0
17.596125,78.123772,265.0
17.596125,78.123772,271.0
17.596125,78.123772,272.0
17.596125,78.123772,272.0
17.596125,78.123772,271.0
17.596125,78.123772,273.0
17.596136,78.123779,268.0
17.596136,78.123779,268.0
17.596138,78.123772,269.0
17.596138,78.123772,267.0
17.596136,78.123772,271.0
17.596136,78.123772,270.0
17.596138,78.123779,272.0
17.596138,78.123779,273.0
17.596138,78.123779,272.0
17.596138,78.123787,272.0
17.596138,78.123787,272.0
17.596138,78.123787,267.0
17.596136,78.123795,281.0
17.596136,78.123795,290.0
17.596136,78.12381,57.0
17.596136,78.12381,80.0
17.596136,78.12381,96.0
17.596136,78.12381,57.0
17.596142,78.123817,11.0
17.596142,78.123817,4.0
17.596155,78.123817,2.0
17.596155,78.123817,0.0
17.596167,78.123817,3.0
17.596167,78.123817,3.0
17.596178,78.123817,3.0
17.596178,78.123817,4.0
17.596188,78.123825,5.0
17.596188,78.123825,8.0
17.596199,78.123833,357.0
17.596199,78.123833,356.0
17.59621,78.12384,356.0
17.59621,78.12384,358.0
17.59621,78.12384,354.0
17.59621,78.12384,357.0
17.59623,78.123863,359.0
17.59623,78.123863,357.0
17.596241,78.123894,358.0
17.596241,78.123894,355.0
17.596249,78.123909,356.0
17.596249,78.123909,357.0
17.59626,78.123924,352.0
17.59626,78.123924,356.0
17.59626,78.123924,355.0
17.596281,78.12394,357.0
17.596281,78.12394,355.0
17.596281,78.12394,353.0
17.596281,78.12394,352.0
17.596296,78.123962,351.0
17.596296,78.123962,352.0
17.596296,78.123962,352.0
17.596296,78.123962,358.0
17.596302,78.123962,358.0
17.596302,78.123962,358.0
17.596302,78.123962,358.0
17.596304,78.123962,358.0
17.596304,78.123962,357.0
17.596304,78.123962,10.0
17.596291,78.12397,119.0
17.596291,78.12397,146.0
17.596279,78.12397,169.0
17.596279,78.12397,166.0
17.596279,78.12397,164.0
17.59627,78.123962,169.0
17.59627,78.123962,169.0
17.596262,78.123962,111.0
17.596262,78.123962,95.0
17.596258,78.12397,82.0
17.596258,78.12397,78.0
17.59626,78.123978,81.0
17.59626,78.123978,80.0
17.596262,78.123993,80.0
17.596262,78.123993,75.0
17.596258,78.124008,84.0
17.596258,78.124008,90.0
17.596258,78.124023,95.0
17.596258,78.124023,94.0
17.596256,78.124039,97.0
17.596256,78.124039,98.0
17.596254,78.124054,100.0
17.596254,78.124054,100.0
17.596254,78.124069,97.0
17.596254,78.124069,98.0
17.596252,78.124077,94.0
17.596252,78.124077,95.0
17.596252,78.124092,93.0
17.596252,78.124092,95.0
17.596252,78.124107,90.0
17.596252,78.124107,89.0
17.596252,78.124123,89.0
17.596252,78.124123,89.0
17.596252,78.124138,91.0
17.596252,78.124138,93.0
17.596249,78.124146,95.0
17.596249,78.124146,96.0
17.596251,78.124161,98.0
17.596251,78.124161,99.0
17.596247,78.124176,94.0
17.596247,78.124176,93.0
17.596245,78.124191,90.0
17.596245,78.124191,87.0
17.596245,78.124191,85.0
17.596245,78.124191,82.0
17.596245,78.124191,81.0
17.596247,78.124214,83.0
17.596247,78.124214,79.0
17.596252,78.124229,80.0
17.596252,78.124229,84.0
17.596252,78.124229,80.0
17.596252,78.124229,82.0
17.596252,78.124229,83.0
17.596256,78.124252,79.0
17.596256,78.124252,83.0
17.596249,78.12426,86.0
17.596249,78.12426,99.0
17.596249,78.12426,106.0
17.596266,78.124268,155.0
17.596266,78.124268,188.0
17.596264,78.124268,209.0
17.596264,78.124268,206.0
17.59626,78.12426,1.0
17.59626,78.12426,177.0
17.59626,78.12426,159.0
17.59626,78.12426,159.0
17.59626,78.12426,158.0
17.596239,78.124252,154.0
17.596239,78.124252,155.0
17.59623,78.124252,163.0
17.59623,78.124252,165.0
17.59623,78.124252,168.0
17.596218,78.124252,170.0
17.596218,78.124252,171.0
17.596209,78.124252,173.0
17.596209,78.124252,172.0
17.596199,78.124252,177.0
17.596199,78.124252,177.0
17.596191,78.124252,178.0
17.596191,78.124252,72.0
17.596184,78.12426,108.0
17.596184,78.12426,179.0
17.596172,78.12426,179.0
17.596172,78.12426,324.0
17.596172,78.12426,182.0
17.596151,78.124268,176.0
17.596151,78.124268,177.0
17.596142,78.124275,174.0
17.596142,78.124275,175.0
17.596127,78.124283,175.0
17.596127,78.124283,174.0
17.596115,78.124275,178.0
17.596115,78.124275,178.0
17.596104,78.124275,178.0
17.596104,78.124275,176.0
17.59609,78.124275,179.0
17.59609,78.124275,176.0
17.596079,78.124283,176.0
17.596079,78.124283,177.0
17.596062,78.124268,173.0
17.59605,78.12426,177.0
17.59605,78.12426,176.0
17.596043,78.124252,173.0
17.596043,78.124252,174.0
17.596031,78.124245,172.0
17.596031,78.124245,174.0
17.596031,78.124245,177.0
17.596018,78.124214,176.0
17.596018,78.124214,178.0
17.596018,78.124214,173.0
17.595984,78.124199,177.0
17.595984,78.124199,35.0
17.59597,78.124199,189.0
17.59597,78.124199,188.0
17.595959,78.124184,182.0
17.595959,78.124184,182.0
17.595947,78.124184,186.0
17.595947,78.124184,187.0
17.595947,78.124184,182.0
17.595926,78.124184,175.0
17.595926,78.124184,176.0
17.595913,78.124168,175.0
17.595913,78.124168,177.0
17.595903,78.124184,106.0
17.595903,78.124184,179.0
17.595898,78.124199,175.0
17.595898,78.124199,174.0
17.595898,78.124199,174.0
17.595886,78.124222,171.0
17.595886,78.124222,170.0
17.595873,78.124237,171.0
17.595873,78.124237,170.0
17.595865,78.12426,169.0
17.595865,78.12426,171.0
17.595865,78.12426,172.0
17.595852,78.124268,170.0
17.595852,78.124268,172.0
17.595842,78.124268,178.0
17.595842,78.124268,177.0
17.595829,78.124268,191.0
17.595829,78.124268,194.0
17.595821,78.124268,225.0
17.595821,78.124268,238.0
17.595812,78.12426,260.0
17.595812,78.12426,262.0
17.595816,78.124229,263.0
17.595816,78.124229,266.0
17.595816,78.124222,263.0
17.595816,78.124222,263.0
17.595816,78.124222,262.0
17.595816,78.124222,261.0
17.59581,78.124199,251.0
17.59581,78.124199,250.0
17.595806,78.124191,250.0
17.595806,78.124191,244.0
17.595802,78.124184,195.0
17.595802,78.124184,185.0
17.595808,78.124161,186.0
17.595808,78.124161,186.0
17.595806,78.124138,189.0
17.595806,78.124138,186.0
17.595816,78.124069,182.0
17.595816,78.124069,182.0
17.595833,78.124016,178.0
17.595833,78.124016,183.0
17.595833,78.124016,184.0
17.595867,78.123886,155.0
17.595867,78.123886,135.0
17.595903,78.123825,99.0
17.595903,78.123825,88.0
17.5959,78.123833,74.0
17.5959,78.123833,72.0
17.595955,78.123711,124.0
17.595955,78.123711,139.0
17.595953,78.123756,118.0
17.595953,78.123756,104.0
17.595982,78.123734,93.0
17.595982,78.123734,92.0
17.595984,78.123741,131.0
17.595984,78.123741,149.0
17.595955,78.123802,202.0
17.595955,78.123802,222.0
17.595936,78.123741,284.0
17.595936,78.123741,288.0
17.5959,78.123703,281.0
17.5959,78.123703,272.0
17.595894,78.123695,309.0
17.595903,78.123573,76.0
17.595903,78.123573,87.0
17.595881,78.123489,92.0
17.595881,78.123489,82.0
17.59589,78.123482,65.0
17.59589,78.123482,118.0
17.595846,78.123543,194.0
17.595846,78.123543,207.0
17.59585,78.123535,242.0
17.59585,78.123535,245.0
17.595835,78.123383,250.0
17.595835,78.123383,247.0
17.595839,78.12326,261.0
17.595839,78.12326,268.0
17.595863,78.123169,279.0
17.595863,78.123169,274.0
17.595863,78.123169,263.0
17.595863,78.123169,268.0
17.595863,78.123169,273.0
17.595865,78.123062,318.0
17.595865,78.123062,338.0
17.595865,78.123062,122.0
17.595865,78.123062,135.0
17.595865,78.123062,112.0
17.595865,78.123062,103.0
17.595865,78.123062,85.0
17.595865,78.123062,85.0
17.595865,78.123062,84.0
17.595865,78.123062,77.0
17.595865,78.123062,75.0
17.595865,78.123062,113.0
17.595865,78.123062,148.0
17.595865,78.123062,156.0
17.595938,78.122719,203.0
17.595938,78.122719,221.0
17.59594,78.122559,229.0
17.59594,78.122559,232.0
17.595955,78.122475,261.0
17.595955,78.122475,271.0
17.595951,78.12249,253.0
17.595951,78.12249,251.0
17.595966,78.122498,237.0
17.595966,78.122498,238.0
17.595982,78.122505,251.0
17.595982,78.122505,268.0
17.595982,78.122505,237.0
17.595982,78.122505,224.0
17.595982,78.122505,185.0
17.595982,78.122505,185.0
17.595982,78.122505,184.0
17.595982,78.122505,178.0
17.595982,78.122505,179.0
17.595982,78.122505,36.0
17.595982,78.122505,172.0
17.595982,78.122505,171.0
17.59609,78.122253,168.0
17.59609,78.122253,174.0
17.596136,78.122231,193.0
17.596136,78.122231,199.0
17.596096,78.122406,192.0
17.596096,78.122406,198.0
17.596096,78.122406,208.0
17.595781,78.123207,324.0
17.595781,78.123207,173.0
17.595734,78.123383,175.0
17.595734,78.123383,324.0
17.595692,78.123466,185.0
17.595692,78.123466,183.0
17.595644,78.123558,1.0
17.59561,78.123619,178.0
17.59561,78.123619,177.0
17.595572,78.123665,181.0
17.595572,78.123665,324.0
17.595543,78.123711,179.0
17.595543,78.123711,175.0
17.595522,78.123764,184.0
17.595522,78.123764,181.0
17.595499,78.123802,178.0
17.595499,78.123802,174.0
17.595493,78.123848,162.0
17.595493,78.123848,159.0
17.595499,78.123863,165.0
17.595499,78.123863,163.0
17.595526,78.123962,162.0
17.595526,78.123962,162.0
17.595522,78.124039,165.0
17.595522,78.124039,358.0
17.595522,78.124077,197.0
17.595522,78.124077,191.0
17.59553,78.124123,252.0
17.59553,78.124123,278.0
17.59553,78.124123,133.0
17.595543,78.124214,77.0
17.595543,78.124214,55.0
17.595543,78.124214,0.0
17.595543,78.124268,256.0
17.595543,78.124268,232.0
17.595535,78.124283,190.0
17.595535,78.124283,188.0
17.595526,78.124306,188.0
17.595526,78.124306,183.0
17.595526,78.124306,187.0
17.595526,78.124306,186.0
17.595526,78.124306,192.0
17.595526,78.124306,192.0
17.595526,78.124306,191.0
17.595526,78.124306,191.0
17.595526,78.124306,190.0
17.595526,78.124306,188.0
17.595526,78.124306,219.0
17.595526,78.124306,177.0
17.595526,78.124306,176.0
17.595526,78.124306,168.0
17.595526,78.124306,168.0
17.595526,78.124306,168.0
17.595526,78.124306,324.0
17.595526,78.124306,185.0
17.595526,78.124306,172.0
17.595526,78.124306,165.0
17.595526,78.124306,163.0
17.595526,78.124306,155.0
17.595526,78.124306,149.0
17.595526,78.124306,137.0
17.595526,78.124306,144.0
17.595526,78.124306,149.0
17.595526,78.124306,151.0
17.595526,78.124306,148.0
17.595526,78.124306,141.0
17.595526,78.124306,138.0
17.595526,78.124306,140.0
17.595526,78.124306,159.0
17.595526,78.124306,158.0
17.595526,78.124306,140.0
17.595526,78.124306,138.0
17.595526,78.124306,157.0
17.595526,78.124306,161.0
17.595526,78.124306,166.0
17.595526,78.124306,163.0
17.595526,78.124306,164.0
17.595526,78.124306,161.0
17.595526,78.124306,159.0
17.595526,78.124306,160.0
17.595526,78.124306,160.0
17.595526,78.124306,160.0
17.595526,78.124306,160.0
17.595526,78.124306,161.0
17.595526,78.124306,160.0
17.595526,78.124306,160.0
17.595526,78.124306,159.0
17.595526,78.124306,159.0
17.595526,78.124306,161.0
17.595526,78.124306,161.0
17.595526,78.124306,161.0
17.595526,78.124306,161.0
17.595526,78.124306,161.0
17.595526,78.124306,161.0
17.595526,78.124306,161.0
17.595526,78.124306,160.0
17.595526,78.124306,160.0
17.595526,78.124306,160.0
17.595526,78.124306,161.0
17.595526,78.124306,161.0
17.595526,78.124306,161.0
17.595526,78.124306,161.0
17.595526,78.124306,161.0
17.595526,78.124306,161.0
17.595526,78.124306,161.0
17.595526,78.124306,160.0
17.595526,78.124306,160.0
17.595526,78.124306,160.0
17.595526,78.124306,160.0
17.595526,78.124306,161.0
17.595526,78.124306,161.0
17.595526,78.124306,161.0
17.595526,78.124306,161.0
17.595526,78.124306,161.0
17.595526,78.124306,161.0
17.595526,78.124306,161.0
17.595526,78.124306,161.0
17.595526,78.124306,161.0
17.595526,78.124306,161.0
17.595526,78.124306,161.0
17.595526,78.124306,161.0
17.595526,78.124306,161.0
17.595526,78.124306,161.0
17.595526,78.124306,161.0
17.595526,78.124306,161.0
17.595526,78.124306,161.0
17.595526,78.124306,161.0
17.595526,78.124306,161.0
17.595526,78.124306,161.0
17.595526,78.124306,161.0
17.595526,78.124306,161.0
17.595526,78.124306,160.0
17.595526,78.124306,156.0
17.595526,78.124306,157.0
17.595526,78.124306,157.0
17.595526,78.124306,157.0
17.595526,78.124306,158.0
17.595526,78.124306,158.0
17.595526,78.124306,158.0
17.595526,78.124306,158.0
17.595526,78.124306,161.0
17.595526,78.124306,161.0
17.595526,78.124306,161.0
17.595526,78.124306,161.0
17.595526,78.124306,161.0
17.595526,78.124306,161.0
17.595526,78.124306,161.0
17.595526,78.124306,161.0
17.595526,78.124306,161.0
17.595526,78.124306,161.0
17.595526,78.124306,161.0
17.595526,78.124306,161.0
17.595526,78.124306,158.0
17.595526,78.124306,159.0
17.595526,78.124306,158.0
17.595526,78.124306,159.0
17.595526,78.124306,159.0
17.595526,78.124306,160.0
17.595526,78.124306,161.0
17.595526,78.124306,163.0
17.595526,78.124306,163.0
17.595526,78.124306,160.0
17.595526,78.124306,159.0
17.595526,78.124306,163.0
17.595526,78.124306,163.0
17.595526,78.124306,163.0
17.595526,78.124306,163.0
17.595526,78.124306,163.0
17.595526,78.124306,163.0
17.595526,78.124306,163.0
17.595526,78.124306,163.0
17.595526,78.124306,163.0
17.595526,78.124306,163.0
17.595526,78.124306,163.0
17.595526,78.124306,163.0
17.595526,78.124306,163.0
17.595526,78.124306,163.0
17.595526,78.124306,163.0
17.595526,78.124306,163.0
17.595526,78.124306,163.0
17.595526,78.124306,163.0
17.595526,78.124306,163.0
17.595526,78.124306,163.0
17.595526,78.124306,163.0
17.595526,78.124306,163.0
17.595526,78.124306,163.0
17.595526,78.124306,163.0
17.595526,78.124306,163.0
17.595526,78.124306,164.0
17.595526,78.124306,164.0
17.595526,78.124306,164.0
17.595526,78.124306,163.0
17.595526,78.124306,164.0
